image,field,video,frame,time_s,src_w,src_h,fps
ns_f01_20260705_132815_00060.jpg,1,20260705_132815.mp4,60,2.0,7680,4320,30.02
ns_f01_20260705_132815_00227.jpg,1,20260705_132815.mp4,227,7.56,7680,4320,30.02
ns_f01_20260705_132815_00394.jpg,1,20260705_132815.mp4,394,13.12,7680,4320,30.02
ns_f01_20260705_132815_00561.jpg,1,20260705_132815.mp4,561,18.69,7680,4320,30.02
ns_f01_20260705_132815_00727.jpg,1,20260705_132815.mp4,727,24.22,7680,4320,30.02
ns_f01_20260705_132815_00894.jpg,1,20260705_132815.mp4,894,29.78,7680,4320,30.02
ns_f01_20260705_132815_01061.jpg,1,20260705_132815.mp4,1061,35.34,7680,4320,30.02
ns_f01_20260705_132815_01228.jpg,1,20260705_132815.mp4,1228,40.91,7680,4320,30.02
ns_f01_20260705_132815_01395.jpg,1,20260705_132815.mp4,1395,46.47,7680,4320,30.02
ns_f01_20260705_132815_01562.jpg,1,20260705_132815.mp4,1562,52.03,7680,4320,30.02
ns_f01_20260705_132815_01728.jpg,1,20260705_132815.mp4,1728,57.56,7680,4320,30.02
ns_f01_20260705_132815_01895.jpg,1,20260705_132815.mp4,1895,63.12,7680,4320,30.02
ns_f01_20260705_132815_02062.jpg,1,20260705_132815.mp4,2062,68.69,7680,4320,30.02
ns_f01_20260705_132815_02229.jpg,1,20260705_132815.mp4,2229,74.25,7680,4320,30.02
ns_f01_20260705_132815_02396.jpg,1,20260705_132815.mp4,2396,79.81,7680,4320,30.02
ns_f01_20260705_132815_02563.jpg,1,20260705_132815.mp4,2563,85.38,7680,4320,30.02
ns_f01_20260705_132815_02729.jpg,1,20260705_132815.mp4,2729,90.91,7680,4320,30.02
ns_f01_20260705_132815_02896.jpg,1,20260705_132815.mp4,2896,96.47,7680,4320,30.02
ns_f01_20260705_132815_03063.jpg,1,20260705_132815.mp4,3063,102.03,7680,4320,30.02
ns_f01_20260705_132815_03230.jpg,1,20260705_132815.mp4,3230,107.59,7680,4320,30.02
ns_f02_20260705_133032_00060.jpg,2,20260705_133032.mp4,60,2.0,7680,4320,30.018
ns_f02_20260705_133032_00191.jpg,2,20260705_133032.mp4,191,6.36,7680,4320,30.018
ns_f02_20260705_133032_00321.jpg,2,20260705_133032.mp4,321,10.69,7680,4320,30.018
ns_f02_20260705_133032_00452.jpg,2,20260705_133032.mp4,452,15.06,7680,4320,30.018
ns_f02_20260705_133032_00582.jpg,2,20260705_133032.mp4,582,19.39,7680,4320,30.018
ns_f02_20260705_133032_00713.jpg,2,20260705_133032.mp4,713,23.75,7680,4320,30.018
ns_f02_20260705_133032_00843.jpg,2,20260705_133032.mp4,843,28.08,7680,4320,30.018
ns_f02_20260705_133032_00974.jpg,2,20260705_133032.mp4,974,32.45,7680,4320,30.018
ns_f02_20260705_133032_01105.jpg,2,20260705_133032.mp4,1105,36.81,7680,4320,30.018
ns_f02_20260705_133032_01235.jpg,2,20260705_133032.mp4,1235,41.14,7680,4320,30.018
ns_f02_20260705_133032_01366.jpg,2,20260705_133032.mp4,1366,45.51,7680,4320,30.018
ns_f02_20260705_133032_01496.jpg,2,20260705_133032.mp4,1496,49.84,7680,4320,30.018
ns_f02_20260705_133032_01627.jpg,2,20260705_133032.mp4,1627,54.2,7680,4320,30.018
ns_f02_20260705_133032_01758.jpg,2,20260705_133032.mp4,1758,58.56,7680,4320,30.018
ns_f02_20260705_133032_01888.jpg,2,20260705_133032.mp4,1888,62.9,7680,4320,30.018
ns_f02_20260705_133032_02019.jpg,2,20260705_133032.mp4,2019,67.26,7680,4320,30.018
ns_f02_20260705_133032_02149.jpg,2,20260705_133032.mp4,2149,71.59,7680,4320,30.018
ns_f02_20260705_133032_02280.jpg,2,20260705_133032.mp4,2280,75.95,7680,4320,30.018
ns_f02_20260705_133032_02410.jpg,2,20260705_133032.mp4,2410,80.28,7680,4320,30.018
ns_f02_20260705_133032_02541.jpg,2,20260705_133032.mp4,2541,84.65,7680,4320,30.018
ns_f03_20260705_133337_00059.jpg,3,20260705_133337.mp4,59,1.97,7680,4320,29.993
ns_f03_20260705_133337_00166.jpg,3,20260705_133337.mp4,166,5.53,7680,4320,29.993
ns_f03_20260705_133337_00273.jpg,3,20260705_133337.mp4,273,9.1,7680,4320,29.993
ns_f03_20260705_133337_00380.jpg,3,20260705_133337.mp4,380,12.67,7680,4320,29.993
ns_f03_20260705_133337_00488.jpg,3,20260705_133337.mp4,488,16.27,7680,4320,29.993
ns_f03_20260705_133337_00595.jpg,3,20260705_133337.mp4,595,19.84,7680,4320,29.993
ns_f03_20260705_133337_00702.jpg,3,20260705_133337.mp4,702,23.41,7680,4320,29.993
ns_f03_20260705_133337_00809.jpg,3,20260705_133337.mp4,809,26.97,7680,4320,29.993
ns_f03_20260705_133337_00916.jpg,3,20260705_133337.mp4,916,30.54,7680,4320,29.993
ns_f03_20260705_133337_01023.jpg,3,20260705_133337.mp4,1023,34.11,7680,4320,29.993
ns_f03_20260705_133337_01131.jpg,3,20260705_133337.mp4,1131,37.71,7680,4320,29.993
ns_f03_20260705_133337_01238.jpg,3,20260705_133337.mp4,1238,41.28,7680,4320,29.993
ns_f03_20260705_133337_01345.jpg,3,20260705_133337.mp4,1345,44.84,7680,4320,29.993
ns_f03_20260705_133337_01452.jpg,3,20260705_133337.mp4,1452,48.41,7680,4320,29.993
ns_f03_20260705_133337_01559.jpg,3,20260705_133337.mp4,1559,51.98,7680,4320,29.993
ns_f03_20260705_133337_01666.jpg,3,20260705_133337.mp4,1666,55.55,7680,4320,29.993
ns_f03_20260705_133337_01774.jpg,3,20260705_133337.mp4,1774,59.15,7680,4320,29.993
ns_f03_20260705_133337_01881.jpg,3,20260705_133337.mp4,1881,62.72,7680,4320,29.993
ns_f03_20260705_133337_01988.jpg,3,20260705_133337.mp4,1988,66.28,7680,4320,29.993
ns_f03_20260705_133337_02095.jpg,3,20260705_133337.mp4,2095,69.85,7680,4320,29.993
ns_f04_20260705_133713_00059.jpg,4,20260705_133713.mp4,59,1.97,7680,4320,29.99
ns_f04_20260705_133713_00146.jpg,4,20260705_133713.mp4,146,4.87,7680,4320,29.99
ns_f04_20260705_133713_00232.jpg,4,20260705_133713.mp4,232,7.74,7680,4320,29.99
ns_f04_20260705_133713_00319.jpg,4,20260705_133713.mp4,319,10.64,7680,4320,29.99
ns_f04_20260705_133713_00405.jpg,4,20260705_133713.mp4,405,13.5,7680,4320,29.99
ns_f04_20260705_133713_00492.jpg,4,20260705_133713.mp4,492,16.41,7680,4320,29.99
ns_f04_20260705_133713_00578.jpg,4,20260705_133713.mp4,578,19.27,7680,4320,29.99
ns_f04_20260705_133713_00665.jpg,4,20260705_133713.mp4,665,22.17,7680,4320,29.99
ns_f04_20260705_133713_00752.jpg,4,20260705_133713.mp4,752,25.07,7680,4320,29.99
ns_f04_20260705_133713_00838.jpg,4,20260705_133713.mp4,838,27.94,7680,4320,29.99
ns_f04_20260705_133713_00925.jpg,4,20260705_133713.mp4,925,30.84,7680,4320,29.99
ns_f04_20260705_133713_01011.jpg,4,20260705_133713.mp4,1011,33.71,7680,4320,29.99
ns_f04_20260705_133713_01098.jpg,4,20260705_133713.mp4,1098,36.61,7680,4320,29.99
ns_f04_20260705_133713_01185.jpg,4,20260705_133713.mp4,1185,39.51,7680,4320,29.99
ns_f04_20260705_133713_01271.jpg,4,20260705_133713.mp4,1271,42.38,7680,4320,29.99
ns_f04_20260705_133713_01358.jpg,4,20260705_133713.mp4,1358,45.28,7680,4320,29.99
ns_f04_20260705_133713_01444.jpg,4,20260705_133713.mp4,1444,48.15,7680,4320,29.99
ns_f04_20260705_133713_01531.jpg,4,20260705_133713.mp4,1531,51.05,7680,4320,29.99
ns_f04_20260705_133713_01617.jpg,4,20260705_133713.mp4,1617,53.92,7680,4320,29.99
ns_f04_20260705_133713_01704.jpg,4,20260705_133713.mp4,1704,56.82,7680,4320,29.99
ns_f05_20260705_134155_00060.jpg,5,20260705_134155.mp4,60,2.0,7680,4320,30.038
ns_f05_20260705_134155_00114.jpg,5,20260705_134155.mp4,114,3.8,7680,4320,30.038
ns_f05_20260705_134155_00169.jpg,5,20260705_134155.mp4,169,5.63,7680,4320,30.038
ns_f05_20260705_134155_00223.jpg,5,20260705_134155.mp4,223,7.42,7680,4320,30.038
ns_f05_20260705_134155_00277.jpg,5,20260705_134155.mp4,277,9.22,7680,4320,30.038
ns_f05_20260705_134155_00332.jpg,5,20260705_134155.mp4,332,11.05,7680,4320,30.038
ns_f05_20260705_134155_00386.jpg,5,20260705_134155.mp4,386,12.85,7680,4320,30.038
ns_f05_20260705_134155_00441.jpg,5,20260705_134155.mp4,441,14.68,7680,4320,30.038
ns_f05_20260705_134155_00495.jpg,5,20260705_134155.mp4,495,16.48,7680,4320,30.038
ns_f05_20260705_134155_00549.jpg,5,20260705_134155.mp4,549,18.28,7680,4320,30.038
ns_f05_20260705_134155_00604.jpg,5,20260705_134155.mp4,604,20.11,7680,4320,30.038
ns_f05_20260705_134155_00658.jpg,5,20260705_134155.mp4,658,21.91,7680,4320,30.038
ns_f05_20260705_134155_00712.jpg,5,20260705_134155.mp4,712,23.7,7680,4320,30.038
ns_f05_20260705_134155_00767.jpg,5,20260705_134155.mp4,767,25.53,7680,4320,30.038
ns_f05_20260705_134155_00821.jpg,5,20260705_134155.mp4,821,27.33,7680,4320,30.038
ns_f05_20260705_134155_00876.jpg,5,20260705_134155.mp4,876,29.16,7680,4320,30.038
ns_f05_20260705_134155_00930.jpg,5,20260705_134155.mp4,930,30.96,7680,4320,30.038
ns_f05_20260705_134155_00984.jpg,5,20260705_134155.mp4,984,32.76,7680,4320,30.038
ns_f05_20260705_134155_01039.jpg,5,20260705_134155.mp4,1039,34.59,7680,4320,30.038
ns_f05_20260705_134155_01093.jpg,5,20260705_134155.mp4,1093,36.39,7680,4320,30.038
ns_f06_20260705_134253_00060.jpg,6,20260705_134253.mp4,60,2.0,7680,4320,30.026
ns_f06_20260705_134253_00107.jpg,6,20260705_134253.mp4,107,3.56,7680,4320,30.026
ns_f06_20260705_134253_00155.jpg,6,20260705_134253.mp4,155,5.16,7680,4320,30.026
ns_f06_20260705_134253_00202.jpg,6,20260705_134253.mp4,202,6.73,7680,4320,30.026
ns_f06_20260705_134253_00250.jpg,6,20260705_134253.mp4,250,8.33,7680,4320,30.026
ns_f06_20260705_134253_00297.jpg,6,20260705_134253.mp4,297,9.89,7680,4320,30.026
ns_f06_20260705_134253_00345.jpg,6,20260705_134253.mp4,345,11.49,7680,4320,30.026
ns_f06_20260705_134253_00392.jpg,6,20260705_134253.mp4,392,13.06,7680,4320,30.026
ns_f06_20260705_134253_00440.jpg,6,20260705_134253.mp4,440,14.65,7680,4320,30.026
ns_f06_20260705_134253_00487.jpg,6,20260705_134253.mp4,487,16.22,7680,4320,30.026
ns_f06_20260705_134253_00535.jpg,6,20260705_134253.mp4,535,17.82,7680,4320,30.026
ns_f06_20260705_134253_00582.jpg,6,20260705_134253.mp4,582,19.38,7680,4320,30.026
ns_f06_20260705_134253_00630.jpg,6,20260705_134253.mp4,630,20.98,7680,4320,30.026
ns_f06_20260705_134253_00677.jpg,6,20260705_134253.mp4,677,22.55,7680,4320,30.026
ns_f06_20260705_134253_00725.jpg,6,20260705_134253.mp4,725,24.15,7680,4320,30.026
ns_f06_20260705_134253_00772.jpg,6,20260705_134253.mp4,772,25.71,7680,4320,30.026
ns_f06_20260705_134253_00820.jpg,6,20260705_134253.mp4,820,27.31,7680,4320,30.026
ns_f06_20260705_134253_00867.jpg,6,20260705_134253.mp4,867,28.88,7680,4320,30.026
ns_f06_20260705_134253_00915.jpg,6,20260705_134253.mp4,915,30.47,7680,4320,30.026
ns_f06_20260705_134253_00962.jpg,6,20260705_134253.mp4,962,32.04,7680,4320,30.026
ns_f07_20260705_134436_00060.jpg,7,20260705_134436.mp4,60,2.0,7680,4320,30.042
ns_f07_20260705_134436_00101.jpg,7,20260705_134436.mp4,101,3.36,7680,4320,30.042
ns_f07_20260705_134436_00143.jpg,7,20260705_134436.mp4,143,4.76,7680,4320,30.042
ns_f07_20260705_134436_00184.jpg,7,20260705_134436.mp4,184,6.12,7680,4320,30.042
ns_f07_20260705_134436_00225.jpg,7,20260705_134436.mp4,225,7.49,7680,4320,30.042
ns_f07_20260705_134436_00267.jpg,7,20260705_134436.mp4,267,8.89,7680,4320,30.042
ns_f07_20260705_134436_00308.jpg,7,20260705_134436.mp4,308,10.25,7680,4320,30.042
ns_f07_20260705_134436_00350.jpg,7,20260705_134436.mp4,350,11.65,7680,4320,30.042
ns_f07_20260705_134436_00391.jpg,7,20260705_134436.mp4,391,13.02,7680,4320,30.042
ns_f07_20260705_134436_00432.jpg,7,20260705_134436.mp4,432,14.38,7680,4320,30.042
ns_f07_20260705_134436_00474.jpg,7,20260705_134436.mp4,474,15.78,7680,4320,30.042
ns_f07_20260705_134436_00515.jpg,7,20260705_134436.mp4,515,17.14,7680,4320,30.042
ns_f07_20260705_134436_00556.jpg,7,20260705_134436.mp4,556,18.51,7680,4320,30.042
ns_f07_20260705_134436_00598.jpg,7,20260705_134436.mp4,598,19.91,7680,4320,30.042
ns_f07_20260705_134436_00639.jpg,7,20260705_134436.mp4,639,21.27,7680,4320,30.042
ns_f07_20260705_134436_00681.jpg,7,20260705_134436.mp4,681,22.67,7680,4320,30.042
ns_f07_20260705_134436_00722.jpg,7,20260705_134436.mp4,722,24.03,7680,4320,30.042
ns_f07_20260705_134436_00763.jpg,7,20260705_134436.mp4,763,25.4,7680,4320,30.042
ns_f07_20260705_134436_00805.jpg,7,20260705_134436.mp4,805,26.8,7680,4320,30.042
ns_f07_20260705_134436_00846.jpg,7,20260705_134436.mp4,846,28.16,7680,4320,30.042
ns_f08_20260705_134515_00060.jpg,8,20260705_134515.mp4,60,2.0,7680,4320,30.018
ns_f08_20260705_134515_00094.jpg,8,20260705_134515.mp4,94,3.13,7680,4320,30.018
ns_f08_20260705_134515_00127.jpg,8,20260705_134515.mp4,127,4.23,7680,4320,30.018
ns_f08_20260705_134515_00161.jpg,8,20260705_134515.mp4,161,5.36,7680,4320,30.018
ns_f08_20260705_134515_00195.jpg,8,20260705_134515.mp4,195,6.5,7680,4320,30.018
ns_f08_20260705_134515_00228.jpg,8,20260705_134515.mp4,228,7.6,7680,4320,30.018
ns_f08_20260705_134515_00262.jpg,8,20260705_134515.mp4,262,8.73,7680,4320,30.018
ns_f08_20260705_134515_00296.jpg,8,20260705_134515.mp4,296,9.86,7680,4320,30.018
ns_f08_20260705_134515_00329.jpg,8,20260705_134515.mp4,329,10.96,7680,4320,30.018
ns_f08_20260705_134515_00363.jpg,8,20260705_134515.mp4,363,12.09,7680,4320,30.018
ns_f08_20260705_134515_00397.jpg,8,20260705_134515.mp4,397,13.23,7680,4320,30.018
ns_f08_20260705_134515_00431.jpg,8,20260705_134515.mp4,431,14.36,7680,4320,30.018
ns_f08_20260705_134515_00464.jpg,8,20260705_134515.mp4,464,15.46,7680,4320,30.018
ns_f08_20260705_134515_00498.jpg,8,20260705_134515.mp4,498,16.59,7680,4320,30.018
ns_f08_20260705_134515_00532.jpg,8,20260705_134515.mp4,532,17.72,7680,4320,30.018
ns_f08_20260705_134515_00565.jpg,8,20260705_134515.mp4,565,18.82,7680,4320,30.018
ns_f08_20260705_134515_00599.jpg,8,20260705_134515.mp4,599,19.95,7680,4320,30.018
ns_f08_20260705_134515_00633.jpg,8,20260705_134515.mp4,633,21.09,7680,4320,30.018
ns_f08_20260705_134515_00666.jpg,8,20260705_134515.mp4,666,22.19,7680,4320,30.018
ns_f08_20260705_134515_00700.jpg,8,20260705_134515.mp4,700,23.32,7680,4320,30.018
ns_f09_20260705_134709_00059.jpg,9,20260705_134709.mp4,59,1.97,7680,4320,29.976
ns_f09_20260705_134709_00101.jpg,9,20260705_134709.mp4,101,3.37,7680,4320,29.976
ns_f09_20260705_134709_00144.jpg,9,20260705_134709.mp4,144,4.8,7680,4320,29.976
ns_f09_20260705_134709_00186.jpg,9,20260705_134709.mp4,186,6.2,7680,4320,29.976
ns_f09_20260705_134709_00228.jpg,9,20260705_134709.mp4,228,7.61,7680,4320,29.976
ns_f09_20260705_134709_00271.jpg,9,20260705_134709.mp4,271,9.04,7680,4320,29.976
ns_f09_20260705_134709_00313.jpg,9,20260705_134709.mp4,313,10.44,7680,4320,29.976
ns_f09_20260705_134709_00355.jpg,9,20260705_134709.mp4,355,11.84,7680,4320,29.976
ns_f09_20260705_134709_00398.jpg,9,20260705_134709.mp4,398,13.28,7680,4320,29.976
ns_f09_20260705_134709_00440.jpg,9,20260705_134709.mp4,440,14.68,7680,4320,29.976
ns_f09_20260705_134709_00482.jpg,9,20260705_134709.mp4,482,16.08,7680,4320,29.976
ns_f09_20260705_134709_00524.jpg,9,20260705_134709.mp4,524,17.48,7680,4320,29.976
ns_f09_20260705_134709_00567.jpg,9,20260705_134709.mp4,567,18.92,7680,4320,29.976
ns_f09_20260705_134709_00609.jpg,9,20260705_134709.mp4,609,20.32,7680,4320,29.976
ns_f09_20260705_134709_00651.jpg,9,20260705_134709.mp4,651,21.72,7680,4320,29.976
ns_f09_20260705_134709_00694.jpg,9,20260705_134709.mp4,694,23.15,7680,4320,29.976
ns_f09_20260705_134709_00736.jpg,9,20260705_134709.mp4,736,24.55,7680,4320,29.976
ns_f09_20260705_134709_00778.jpg,9,20260705_134709.mp4,778,25.95,7680,4320,29.976
ns_f09_20260705_134709_00821.jpg,9,20260705_134709.mp4,821,27.39,7680,4320,29.976
ns_f09_20260705_134709_00863.jpg,9,20260705_134709.mp4,863,28.79,7680,4320,29.976
ns_f10_20260705_134930_00060.jpg,10,20260705_134930.mp4,60,2.0,7680,4320,30.004
ns_f10_20260705_134930_00111.jpg,10,20260705_134930.mp4,111,3.7,7680,4320,30.004
ns_f10_20260705_134930_00163.jpg,10,20260705_134930.mp4,163,5.43,7680,4320,30.004
ns_f10_20260705_134930_00214.jpg,10,20260705_134930.mp4,214,7.13,7680,4320,30.004
ns_f10_20260705_134930_00266.jpg,10,20260705_134930.mp4,266,8.87,7680,4320,30.004
ns_f10_20260705_134930_00317.jpg,10,20260705_134930.mp4,317,10.57,7680,4320,30.004
ns_f10_20260705_134930_00369.jpg,10,20260705_134930.mp4,369,12.3,7680,4320,30.004
ns_f10_20260705_134930_00420.jpg,10,20260705_134930.mp4,420,14.0,7680,4320,30.004
ns_f10_20260705_134930_00472.jpg,10,20260705_134930.mp4,472,15.73,7680,4320,30.004
ns_f10_20260705_134930_00523.jpg,10,20260705_134930.mp4,523,17.43,7680,4320,30.004
ns_f10_20260705_134930_00575.jpg,10,20260705_134930.mp4,575,19.16,7680,4320,30.004
ns_f10_20260705_134930_00626.jpg,10,20260705_134930.mp4,626,20.86,7680,4320,30.004
ns_f10_20260705_134930_00678.jpg,10,20260705_134930.mp4,678,22.6,7680,4320,30.004
ns_f10_20260705_134930_00729.jpg,10,20260705_134930.mp4,729,24.3,7680,4320,30.004
ns_f10_20260705_134930_00781.jpg,10,20260705_134930.mp4,781,26.03,7680,4320,30.004
ns_f10_20260705_134930_00832.jpg,10,20260705_134930.mp4,832,27.73,7680,4320,30.004
ns_f10_20260705_134930_00884.jpg,10,20260705_134930.mp4,884,29.46,7680,4320,30.004
ns_f10_20260705_134930_00935.jpg,10,20260705_134930.mp4,935,31.16,7680,4320,30.004
ns_f10_20260705_134930_00987.jpg,10,20260705_134930.mp4,987,32.9,7680,4320,30.004
ns_f10_20260705_134930_01038.jpg,10,20260705_134930.mp4,1038,34.6,7680,4320,30.004
